Date,Time,MatchDateTime,HomeTeam,AwayTeam,FTHG,FTAG,FTR,Stadium,City,Latitude,Longitude
2020-09-19,15:00,2020-09-19 15:00:00,Leeds,Fulham,4,3,H,Elland Road,Leeds,53.7775,-1.5722
2020-10-03,17:30,2020-10-03 17:30:00,Leeds,Man City,1,1,D,Elland Road,Leeds,53.7775,-1.5722
2020-10-19,20:00,2020-10-19 20:00:00,Leeds,Wolves,0,1,A,Elland Road,Leeds,53.7775,-1.5722
2020-11-02,20:00,2020-11-02 20:00:00,Leeds,Leicester,1,4,A,Elland Road,Leeds,53.7775,-1.5722
2020-11-22,16:30,2020-11-22 16:30:00,Leeds,Arsenal,0,0,D,Elland Road,Leeds,53.7775,-1.5722
2020-12-11,20:00,2020-12-11 20:00:00,Leeds,West Ham,1,2,A,Elland Road,Leeds,53.7775,-1.5722
2020-12-16,18:00,2020-12-16 18:00:00,Leeds,Newcastle,5,2,H,Elland Road,Leeds,53.7775,-1.5722
2020-12-27,12:00,2020-12-27 12:00:00,Leeds,Burnley,1,0,H,Elland Road,Leeds,53.7775,-1.5722
2021-01-16,15:00,2021-01-16 15:00:00,Leeds,Brighton,0,1,A,Elland Road,Leeds,53.7775,-1.5722
2021-02-03,19:30,2021-02-03 19:30:00,Leeds,Everton,1,2,A,Elland Road,Leeds,53.7775,-1.5722
2021-02-08,20:00,2021-02-08 20:00:00,Leeds,Crystal Palace,2,0,H,Elland Road,Leeds,53.7775,-1.5722
2021-02-23,18:00,2021-02-23 18:00:00,Leeds,Southampton,3,0,H,Elland Road,Leeds,53.7775,-1.5722
2021-02-27,17:30,2021-02-27 17:30:00,Leeds,Aston Villa,0,1,A,Elland Road,Leeds,53.7775,-1.5722
2021-03-13,12:30,2021-03-13 12:30:00,Leeds,Chelsea,0,0,D,Elland Road,Leeds,53.7775,-1.5722
2021-04-03,15:00,2021-04-03 15:00:00,Leeds,Sheffield United,2,1,H,Elland Road,Leeds,53.7775,-1.5722
2021-04-19,20:00,2021-04-19 20:00:00,Leeds,Liverpool,1,1,D,Elland Road,Leeds,53.7775,-1.5722
2021-04-25,14:00,2021-04-25 14:00:00,Leeds,Man United,0,0,D,Elland Road,Leeds,53.7775,-1.5722
2021-05-08,12:30,2021-05-08 12:30:00,Leeds,Tottenham,3,1,H,Elland Road,Leeds,53.7775,-1.5722
2021-05-23,16:00,2021-05-23 16:00:00,Leeds,West Brom,3,1,H,Elland Road,Leeds,53.7775,-1.5722
2021-08-21,15:00,2021-08-21 15:00:00,Leeds,Everton,2,2,D,Elland Road,Leeds,53.7775,-1.5722
2021-09-12,16:30,2021-09-12 16:30:00,Leeds,Liverpool,0,3,A,Elland Road,Leeds,53.7775,-1.5722
2021-09-25,15:00,2021-09-25 15:00:00,Leeds,West Ham,1,2,A,Elland Road,Leeds,53.7775,-1.5722
2021-10-02,15:00,2021-10-02 15:00:00,Leeds,Watford,1,0,H,Elland Road,Leeds,53.7775,-1.5722
2021-10-23,15:00,2021-10-23 15:00:00,Leeds,Wolves,1,1,D,Elland Road,Leeds,53.7775,-1.5722
2021-11-07,14:00,2021-11-07 14:00:00,Leeds,Leicester,1,1,D,Elland Road,Leeds,53.7775,-1.5722
2021-11-30,20:15,2021-11-30 20:15:00,Leeds,Crystal Palace,1,0,H,Elland Road,Leeds,53.7775,-1.5722
2021-12-05,14:00,2021-12-05 14:00:00,Leeds,Brentford,2,2,D,Elland Road,Leeds,53.7775,-1.5722
2021-12-18,17:30,2021-12-18 17:30:00,Leeds,Arsenal,1,4,A,Elland Road,Leeds,53.7775,-1.5722
2022-01-02,14:00,2022-01-02 14:00:00,Leeds,Burnley,3,1,H,Elland Road,Leeds,53.7775,-1.5722
2022-01-22,15:00,2022-01-22 15:00:00,Leeds,Newcastle,0,1,A,Elland Road,Leeds,53.7775,-1.5722
2022-02-20,14:00,2022-02-20 14:00:00,Leeds,Man United,2,4,A,Elland Road,Leeds,53.7775,-1.5722
2022-02-26,12:30,2022-02-26 12:30:00,Leeds,Tottenham,0,4,A,Elland Road,Leeds,53.7775,-1.5722
2022-03-10,19:45,2022-03-10 19:45:00,Leeds,Aston Villa,0,3,A,Elland Road,Leeds,53.7775,-1.5722
2022-03-13,14:00,2022-03-13 14:00:00,Leeds,Norwich,2,1,H,Elland Road,Leeds,53.7775,-1.5722
2022-04-02,15:00,2022-04-02 15:00:00,Leeds,Southampton,1,1,D,Elland Road,Leeds,53.7775,-1.5722
2022-04-30,17:30,2022-04-30 17:30:00,Leeds,Man City,0,4,A,Elland Road,Leeds,53.7775,-1.5722
2022-05-11,19:30,2022-05-11 19:30:00,Leeds,Chelsea,0,3,A,Elland Road,Leeds,53.7775,-1.5722
2022-05-15,14:00,2022-05-15 14:00:00,Leeds,Brighton,1,1,D,Elland Road,Leeds,53.7775,-1.5722
2022-08-06,15:00,2022-08-06 15:00:00,Leeds,Wolves,2,1,H,Elland Road,Leeds,53.7775,-1.5722
2022-08-21,14:00,2022-08-21 14:00:00,Leeds,Chelsea,3,0,H,Elland Road,Leeds,53.7775,-1.5722
2022-08-30,20:00,2022-08-30 20:00:00,Leeds,Everton,1,1,D,Elland Road,Leeds,53.7775,-1.5722
2022-10-02,16:30,2022-10-02 16:30:00,Leeds,Aston Villa,0,0,D,Elland Road,Leeds,53.7775,-1.5722
2022-10-16,14:00,2022-10-16 14:00:00,Leeds,Arsenal,0,1,A,Elland Road,Leeds,53.7775,-1.5722
2022-10-23,14:00,2022-10-23 14:00:00,Leeds,Fulham,2,3,A,Elland Road,Leeds,53.7775,-1.5722
2022-11-05,15:00,2022-11-05 15:00:00,Leeds,Bournemouth,4,3,H,Elland Road,Leeds,53.7775,-1.5722
2022-12-28,20:00,2022-12-28 20:00:00,Leeds,Man City,1,3,A,Elland Road,Leeds,53.7775,-1.5722
2023-01-04,19:45,2023-01-04 19:45:00,Leeds,West Ham,2,2,D,Elland Road,Leeds,53.7775,-1.5722
2023-01-22,14:00,2023-01-22 14:00:00,Leeds,Brentford,0,0,D,Elland Road,Leeds,53.7775,-1.5722
2023-02-12,14:00,2023-02-12 14:00:00,Leeds,Man United,0,2,A,Elland Road,Leeds,53.7775,-1.5722
2023-02-25,15:00,2023-02-25 15:00:00,Leeds,Southampton,1,0,H,Elland Road,Leeds,53.7775,-1.5722
2023-03-11,15:00,2023-03-11 15:00:00,Leeds,Brighton,2,2,D,Elland Road,Leeds,53.7775,-1.5722
2023-04-04,19:45,2023-04-04 19:45:00,Leeds,Nott'm Forest,2,1,H,Elland Road,Leeds,53.7775,-1.5722
2023-04-09,14:00,2023-04-09 14:00:00,Leeds,Crystal Palace,1,5,A,Elland Road,Leeds,53.7775,-1.5722
2023-04-17,20:00,2023-04-17 20:00:00,Leeds,Liverpool,1,6,A,Elland Road,Leeds,53.7775,-1.5722
2023-04-25,20:00,2023-04-25 20:00:00,Leeds,Leicester,1,1,D,Elland Road,Leeds,53.7775,-1.5722
2023-05-13,12:30,2023-05-13 12:30:00,Leeds,Newcastle,2,2,D,Elland Road,Leeds,53.7775,-1.5722
2023-05-28,16:30,2023-05-28 16:30:00,Leeds,Tottenham,1,4,A,Elland Road,Leeds,53.7775,-1.5722
2019-08-10,12:30,2019-08-10 12:30:00,Leeds,Nott'm Forest,1,1,D,Elland Road,Leeds,53.7775,-1.5722
2019-08-21,19:45,2019-08-21 19:45:00,Leeds,Brentford,1,0,H,Elland Road,Leeds,53.7775,-1.5722
2019-08-31,15:00,2019-08-31 15:00:00,Leeds,Swansea,0,1,A,Elland Road,Leeds,53.7775,-1.5722
2019-09-21,12:30,2019-09-21 12:30:00,Leeds,Derby,1,1,D,Elland Road,Leeds,53.7775,-1.5722
2019-10-01,19:45,2019-10-01 19:45:00,Leeds,West Brom,1,0,H,Elland Road,Leeds,53.7775,-1.5722
2019-10-19,15:00,2019-10-19 15:00:00,Leeds,Birmingham,1,0,H,Elland Road,Leeds,53.7775,-1.5722
2019-11-02,15:00,2019-11-02 15:00:00,Leeds,QPR,2,0,H,Elland Road,Leeds,53.7775,-1.5722
2019-11-09,15:00,2019-11-09 15:00:00,Leeds,Blackburn,2,1,H,Elland Road,Leeds,53.7775,-1.5722
2019-11-30,15:00,2019-11-30 15:00:00,Leeds,Middlesbrough,4,0,H,Elland Road,Leeds,53.7775,-1.5722
2019-12-10,19:45,2019-12-10 19:45:00,Leeds,Hull,2,0,H,Elland Road,Leeds,53.7775,-1.5722
2019-12-14,15:00,2019-12-14 15:00:00,Leeds,Cardiff,3,3,D,Elland Road,Leeds,53.7775,-1.5722
2019-12-26,17:15,2019-12-26 17:15:00,Leeds,Preston,1,1,D,Elland Road,Leeds,53.7775,-1.5722
2020-01-11,15:00,2020-01-11 15:00:00,Leeds,Sheffield Weds,0,2,A,Elland Road,Leeds,53.7775,-1.5722
2020-01-28,19:45,2020-01-28 19:45:00,Leeds,Millwall,3,2,H,Elland Road,Leeds,53.7775,-1.5722
2020-02-01,15:00,2020-02-01 15:00:00,Leeds,Wigan,0,1,A,Elland Road,Leeds,53.7775,-1.5722
2020-02-15,15:00,2020-02-15 15:00:00,Leeds,Bristol City,1,0,H,Elland Road,Leeds,53.7775,-1.5722
2020-02-22,15:00,2020-02-22 15:00:00,Leeds,Reading,1,0,H,Elland Road,Leeds,53.7775,-1.5722
2020-03-07,15:00,2020-03-07 15:00:00,Leeds,Huddersfield,2,0,H,Elland Road,Leeds,53.7775,-1.5722
2020-06-27,15:00,2020-06-27 15:00:00,Leeds,Fulham,3,0,H,Elland Road,Leeds,53.7775,-1.5722
2020-06-30,19:45,2020-06-30 19:45:00,Leeds,Luton,1,1,D,Elland Road,Leeds,53.7775,-1.5722
2020-07-09,17:00,2020-07-09 17:00:00,Leeds,Stoke,5,0,H,Elland Road,Leeds,53.7775,-1.5722
2020-07-16,17:00,2020-07-16 17:00:00,Leeds,Barnsley,1,0,H,Elland Road,Leeds,53.7775,-1.5722
2020-07-22,19:30,2020-07-22 19:30:00,Leeds,Charlton,4,0,H,Elland Road,Leeds,53.7775,-1.5722
2023-08-06,14:30,2023-08-06 14:30:00,Leeds,Cardiff,2,2,D,Elland Road,Leeds,53.7775,-1.5722
2023-08-18,20:00,2023-08-18 20:00:00,Leeds,West Brom,1,1,D,Elland Road,Leeds,53.7775,-1.5722
2023-09-02,15:00,2023-09-02 15:00:00,Leeds,Sheffield Weds,0,0,D,Elland Road,Leeds,53.7775,-1.5722
2023-09-23,15:00,2023-09-23 15:00:00,Leeds,Watford,3,0,H,Elland Road,Leeds,53.7775,-1.5722
2023-10-04,19:45,2023-10-04 19:45:00,Leeds,QPR,1,0,H,Elland Road,Leeds,53.7775,-1.5722
2023-10-07,15:00,2023-10-07 15:00:00,Leeds,Bristol City,2,1,H,Elland Road,Leeds,53.7775,-1.5722
2023-10-28,12:30,2023-10-28 12:30:00,Leeds,Huddersfield,4,1,H,Elland Road,Leeds,53.7775,-1.5722
2023-11-11,15:00,2023-11-11 15:00:00,Leeds,Plymouth,2,1,H,Elland Road,Leeds,53.7775,-1.5722
2023-11-29,19:45,2023-11-29 19:45:00,Leeds,Swansea,3,1,H,Elland Road,Leeds,53.7775,-1.5722
2023-12-02,15:00,2023-12-02 15:00:00,Leeds,Middlesbrough,3,2,H,Elland Road,Leeds,53.7775,-1.5722
2023-12-16,15:00,2023-12-16 15:00:00,Leeds,Coventry,1,1,D,Elland Road,Leeds,53.7775,-1.5722
2023-12-23,12:30,2023-12-23 12:30:00,Leeds,Ipswich,4,0,H,Elland Road,Leeds,53.7775,-1.5722
